epoch,training loss,validation loss
0,0.34587419033050537,0.34337151050567627
1,0.3433794677257538,0.341007262468338
2,0.3410152792930603,0.33876681327819824
3,0.33877477049827576,0.3366435468196869
4,0.3366515338420868,0.3346313536167145
5,0.334639310836792,0.33272436261177063
6,0.3327323794364929,0.3309171199798584
7,0.3309251070022583,0.3292042315006256
8,0.3292121887207031,0.3275807499885559
9,0.3275887370109558,0.3260419964790344
