epoch,training loss,validation loss
0,1.06353450845927,0.07823425810784101
1,0.5280407564714551,0.045607258565723896
2,0.3377564148977399,0.0319584384560585
3,0.24898955621756613,0.0247141825966537
4,0.19840400014072657,0.020268539898097515
5,0.16602125205099583,0.017295313300564885
6,0.1437468056101352,0.015188089571893215
7,0.12762465281412005,0.013627842534333467
8,0.11548559658695012,0.012431639828719199
9,0.10605124989524484,0.011488347197882831
