epoch,training loss,validation loss
0,0.34587448835372925,0.3433798551559448
1,0.3433797359466553,0.34101563692092896
2,0.3410155177116394,0.3387751579284668
3,0.33877503871917725,0.33665186166763306
4,0.3366517722606659,0.33463969826698303
5,0.3346395790576935,0.3327326774597168
6,0.33273258805274963,0.3309254050254822
7,0.330925315618515,0.329212486743927
8,0.32921239733695984,0.3275890648365021
9,0.32758891582489014,0.3260502517223358
