epoch,training loss,validation loss
0,0.3458744287490845,0.3433743715286255
1,0.3433796763420105,0.341010183095932
2,0.34101542830467224,0.33876967430114746
3,0.33877500891685486,0.3366464376449585
4,0.3366517126560211,0.3346342146396637
5,0.3346395194530487,0.33272725343704224
6,0.33273252844810486,0.33091995120048523
7,0.33092525601387024,0.32920706272125244
8,0.32921236753463745,0.3275836110115051
9,0.32758888602256775,0.32604479789733887
